kind,file,lines_with_hits,match_count,categories
css,app/css/core/site/routes/home/base.css,298,578,@keyframes(1); Npx(88); transition/animation(12); time (ms/s)(3); cubic-bezier(1); box position/size(107); %(88); z-index(1); rem/em(143); border-radius(15); padding(30); gap(17); font-size(20); vh/vw(9); line-height(9); letter-spacing(10); rgb/rgba(2); margin(17); box-shadow(5)
css,components/backend-architecture/BackendArchitecturePageView.module.css,272,548,hex color(28); box position/size(76); vh/vw(8); %(11); rgb/rgba(21); padding(28); Npx(220); margin(32); font-size(33); gap(18); letter-spacing(12); rem/em(12); border-radius(17); box-shadow(8); line-height(15); time (ms/s)(8); z-index(1)
css,app/css/core/planner/editor-chrome.css,326,525,gap(33); padding(35); Npx(46); border-radius(34); %(60); box-shadow(6); font-size(30); rem/em(135); box position/size(93); margin(19); letter-spacing(2); transition/animation(12); rgb/rgba(1); line-height(7); z-index(1); vh/vw(1); hex color(6); time (ms/s)(3); @keyframes(1)
css,app/css/core/site/routes/home/layout-fallback.css,233,447,box position/size(86); %(87); Npx(79); rem/em(102); gap(21); vh/vw(6); z-index(3); border-radius(11); font-size(7); letter-spacing(4); line-height(5); margin(12); padding(17); rgb/rgba(2); time (ms/s)(2); box-shadow(3)
css,app/css/core/planner/planner-controls.css,263,443,z-index(6); box position/size(61); padding(27); %(48); margin(14); Npx(53); border-radius(25); gap(25); font-size(25); rem/em(114); letter-spacing(9); box-shadow(8); rgb/rgba(2); transition/animation(8); time (ms/s)(12); line-height(4); @keyframes(2)
tsx,features/planner/ui/LayersPanel.tsx,66,359,Tailwind/CSS arbitrary [...](107); p*/m* spacing (px/py/etc)(20); text-* size(23); Npx(52); tracking/leading(8); style object key(42); gap/space-*(10); w-/h-*(70); font-weight(8); rem/em(7); transition(6); %(2); z-index(2); shadow*(2)
tsx,features/planner/ui/PlannerSessionDialog.tsx,102,353,Tailwind/CSS arbitrary [...](70); p*/m* spacing (px/py/etc)(81); gap/space-*(19); w-/h-*(49); rounded-*(29); Tailwind palette(3); animate-*(2); text-* size(15); style object key(25); tracking/leading(10); rem/em(35); font-weight(11); rgb/rgba(3); transition(1)
tsx,features/site-assistant/UnifiedAssistant.tsx,119,331,rounded-*(27); p*/m* spacing (px/py/etc)(50); text-* size(32); Tailwind palette(66); font-weight(15); tracking/leading(9); gap/space-*(23); transition(5); Tailwind/CSS arbitrary [...](36); w-/h-*(49); z-index(3); shadow*(4); rem/em(4); vh/vw(2); Npx(3); animate-*(2); %(1)
css,components/repo-store/RepoStorePageView.module.css,169,325,hex color(19); box position/size(38); vh/vw(5); Npx(136); margin(21); gap(17); padding(22); font-size(30); letter-spacing(6); rem/em(6); border-radius(10); rgb/rgba(8); line-height(6); box-shadow(1)
tsx,features/planner/ui/InspectorPanel.tsx,78,321,Tailwind/CSS arbitrary [...](91); p*/m* spacing (px/py/etc)(38); style object key(68); text-* size(40); gap/space-*(8); w-/h-*(25); font-weight(19); tracking/leading(11); rem/em(10); transition(7); Npx(4)
css,app/css/core/planner/planner-catalog.css,173,310,box position/size(42); %(49); Npx(28); padding(19); margin(10); rem/em(76); font-size(14); letter-spacing(7); border-radius(10); transition/animation(10); time (ms/s)(20); box-shadow(6); gap(9); rgb/rgba(2); z-index(4); line-height(2); @keyframes(2)
css,app/css/core/planner/fabric-canvas-workspace.css,176,300,box position/size(66); gap(14); rem/em(76); Npx(43); padding(21); %(38); margin(11); border-radius(10); font-size(9); z-index(4); box-shadow(3); letter-spacing(3); line-height(2)
tsx,features/planner/shared/components/editor/Toolbar.tsx,55,290,Tailwind/CSS arbitrary [...](106); text-* size(43); shadow*(20); transition(17); p*/m* spacing (px/py/etc)(39); gap/space-*(7); w-/h-*(19); Npx(4); font-weight(13); tracking/leading(3); rounded-*(13); z-index(4); Tailwind palette(2)
css,app/css/core/site/routes/home/type-fallback.css,110,273,font-size(32); rem/em(83); vh/vw(19); letter-spacing(25); line-height(26); box position/size(44); Npx(28); %(3); rgb/rgba(3); margin(5); padding(3); border-radius(1); gap(1)
css,app/css/core/site/routes/home/sections.css,159,271,gap(3); rem/em(63); box position/size(41); border-radius(12); font-size(16); line-height(10); transition/animation(15); Npx(38); padding(10); box-shadow(4); margin(4); letter-spacing(8); vh/vw(2); %(43); time (ms/s)(1); z-index(1)
css,app/css/core/planner/planner-workflow.css,211,267,@keyframes(1); %(69); Npx(31); gap(27); padding(18); box position/size(37); border-radius(15); box-shadow(13); margin(11); line-height(9); font-size(15); letter-spacing(8); z-index(1); transition/animation(3); rem/em(9)
tsx,features/crm/ClientsView.tsx,97,229,Tailwind/CSS arbitrary [...](31); w-/h-*(32); gap/space-*(24); p*/m* spacing (px/py/etc)(37); text-* size(40); Npx(8); font-weight(23); tracking/leading(11); rem/em(8); rounded-*(9); style object key(1); transition(1); animate-*(2); z-index(1); Tailwind duration/delay(1)
tsx,features/planner/3d/Planner3DViewer.tsx,107,225,Tailwind/CSS arbitrary [...](100); shadow*(13); inline style={{ }}(2); w-/h-*(12); rem/em(20); rounded-*(12); p*/m* spacing (px/py/etc)(30); font-weight(11); tracking/leading(11); Npx(3); style object key(3); z-index(2); gap/space-*(4); transition(2)
tsx,features/site-assistant/AdvancedBot.tsx,85,217,rounded-*(8); p*/m* spacing (px/py/etc)(21); text-* size(12); Tailwind palette(109); gap/space-*(13); font-weight(4); Tailwind/CSS arbitrary [...](12); z-index(2); w-/h-*(16); shadow*(2); transition(4); tracking/leading(2); motion props(4); style object key(3); rem/em(2); vh/vw(1); Npx(2)
css,app/css/core/site/routes/product-viewer.css,98,216,font-size(10); letter-spacing(6); rem/em(49); line-height(8); box position/size(51); z-index(1); Npx(32); %(16); padding(20); border-radius(11); box-shadow(2); gap(3); transition/animation(4); time (ms/s)(3)
tsx,app/(site)/products/[category]/[product]/ProductViewer.tsx,107,209,w-/h-*(24); animate-*(2); rounded-*(10); Tailwind/CSS arbitrary [...](39); shadow*(3); p*/m* spacing (px/py/etc)(61); gap/space-*(14); transition(9); font-weight(10); z-index(4); inline style={{ }}(1); style object key(2); %(2); text-* size(19); Tailwind duration/delay(1); tracking/leading(8)
css,app/css/core/planner/planner-shell.css,152,208,font-size(7); line-height(3); box position/size(52); vh/vw(2); Npx(34); gap(14); z-index(3); padding(18); %(29); border-radius(10); rem/em(14); margin(8); box-shadow(8); transition/animation(3); letter-spacing(3)
tsx,features/crm/ProjectDetailView.tsx,88,207,Tailwind/CSS arbitrary [...](24); gap/space-*(23); p*/m* spacing (px/py/etc)(41); w-/h-*(25); text-* size(36); font-weight(22); rounded-*(10); Npx(6); tracking/leading(6); rem/em(6); z-index(2); animate-*(2); Tailwind duration/delay(2); style object key(1); transition(1)
tsx,features/crm/QuotesView.tsx,80,194,Tailwind/CSS arbitrary [...](41); w-/h-*(21); gap/space-*(14); p*/m* spacing (px/py/etc)(34); text-* size(31); Npx(9); font-weight(17); tracking/leading(7); rem/em(8); rounded-*(7); style object key(1); transition(1); z-index(1); animate-*(1); Tailwind duration/delay(1)
css,app/css/core/components/nav.css,130,191,box position/size(46); z-index(3); %(6); Npx(29); transition/animation(19); box-shadow(9); rem/em(47); border-radius(13); padding(5); margin(3); gap(2); font-size(5); letter-spacing(2); line-height(1); time (ms/s)(1)
css,app/css/core/planner/planner-overlays.css,107,190,box position/size(45); z-index(5); %(34); Npx(19); rgb/rgba(3); box-shadow(3); border-radius(5); rem/em(43); padding(6); font-size(8); line-height(4); margin(6); letter-spacing(3); gap(4); transition/animation(1); time (ms/s)(1)
tsx,features/crm/ProjectsView.tsx,77,190,Tailwind/CSS arbitrary [...](27); w-/h-*(21); gap/space-*(18); p*/m* spacing (px/py/etc)(40); text-* size(31); Npx(6); font-weight(20); tracking/leading(8); rem/em(6); rounded-*(8); transition(2); z-index(1); animate-*(1); Tailwind duration/delay(1)
css,app/css/core/planner/catalog-panel.css,134,186,box position/size(51); %(21); gap(12); padding(16); Npx(17); font-size(13); letter-spacing(8); rem/em(27); border-radius(1); box-shadow(6); margin(7); transition/animation(2); line-height(5)
css,app/css/core/planner/landing/planner-landing.css,103,183,box position/size(37); %(29); gap(5); Npx(31); border-radius(6); box-shadow(1); padding(6); rem/em(39); font-size(9); vh/vw(1); line-height(1); letter-spacing(7); margin(2); rgb/rgba(2); transition/animation(2); time (ms/s)(1); @keyframes(1); hex color(3)
css,app/css/core/site/routes/home/contact-teaser.css,91,182,box position/size(28); %(24); rem/em(48); border-radius(7); Npx(26); padding(7); z-index(1); gap(10); margin(6); font-size(7); letter-spacing(3); box-shadow(2); transition/animation(7); time (ms/s)(6)
css,app/css/core/planner/landing/planner-feature-pages.css,96,175,padding(4); box position/size(26); rem/em(28); vh/vw(4); rgb/rgba(7); %(18); gap(8); Npx(26); transition/animation(19); margin(2); z-index(1); border-radius(6); box-shadow(6); time (ms/s)(14); @keyframes(6)
tsx,features/shared/entry/AccessPage.tsx,31,175,inline style={{ }}(1); %(10); p*/m* spacing (px/py/etc)(33); gap/space-*(9); Tailwind/CSS arbitrary [...](31); w-/h-*(7); text-* size(29); style object key(23); font-weight(9); rounded-*(6); tracking/leading(8); rem/em(6); transition(3)
css,app/css/core/planner/landing/plannerpage.css,84,172,padding(9); box position/size(44); rem/em(40); z-index(1); vh/vw(8); Npx(22); gap(10); margin(5); %(17); font-size(3); line-height(3); transition/animation(2); border-radius(4); time (ms/s)(3); box-shadow(1)
css,app/css/core/site/routes/catalog/cards.css,87,168,box position/size(23); %(2); Npx(25); border-radius(7); box-shadow(3); transition/animation(4); rem/em(55); z-index(1); gap(10); padding(12); font-size(13); letter-spacing(5); line-height(6); margin(1); vh/vw(1)
css,app/css/core/site/routes/pdp/detail.css,88,164,z-index(1); box position/size(32); Npx(22); rem/em(49); gap(7); border-radius(7); box-shadow(5); padding(11); vh/vw(2); %(2); margin(2); font-size(8); letter-spacing(6); line-height(8); transition/animation(2)
tsx,features/shared/entry/ProductEntryPage.tsx,39,156,p*/m* spacing (px/py/etc)(21); inline style={{ }}(22); %(6); w-/h-*(3); Tailwind/CSS arbitrary [...](17); vh/vw(1); rem/em(11); gap/space-*(9); rounded-*(7); shadow*(1); text-* size(16); Npx(5); font-weight(8); tracking/leading(12); style object key(16); transition(1)
tsx,features/ops/CustomerQueriesOpsPageView.tsx,58,154,Tailwind/CSS arbitrary [...](22); p*/m* spacing (px/py/etc)(38); gap/space-*(8); Tailwind palette(34); text-* size(24); rounded-*(14); w-/h-*(4); animate-*(1); tracking/leading(6); font-weight(3)
css,app/css/core/components/cards.css,91,153,%(18); Npx(23); border-radius(9); box-shadow(11); transition/animation(5); time (ms/s)(7); box position/size(18); padding(8); rem/em(33); font-size(5); line-height(3); letter-spacing(4); margin(2); vh/vw(2); rgb/rgba(4); z-index(1)
css,app/css/core/site/routes/catalog/filters.css,80,147,font-size(11); letter-spacing(3); rem/em(41); line-height(4); box position/size(32); border-radius(7); padding(11); z-index(1); %(6); Npx(13); box-shadow(6); margin(2); gap(5); transition/animation(5)
css,app/css/core/site/routes/home/showcase.css,80,146,box position/size(25); %(11); gap(3); rem/em(36); border-radius(7); Npx(27); padding(4); box-shadow(5); transition/animation(6); margin(2); font-size(6); vh/vw(3); line-height(5); letter-spacing(5); time (ms/s)(1)
tsx,app/(site)/products/[category]/FilterGridInner.tsx,66,144,Tailwind/CSS arbitrary [...](52); gap/space-*(12); w-/h-*(14); p*/m* spacing (px/py/etc)(24); text-* size(10); transition(3); tracking/leading(2); rem/em(1); rounded-*(7); style object key(10); shadow*(2); rgb/rgba(2); Npx(1); animate-*(1); z-index(2); font-weight(1)
css,app/css/core/planner/fabric-library-panel.css,82,142,box position/size(15); rem/em(41); gap(13); font-size(12); letter-spacing(2); padding(11); Npx(13); %(21); margin(4); border-radius(6); line-height(2); box-shadow(1); z-index(1)
css,app/css/core/site/routes/home/projects.css,65,141,rem/em(40); box position/size(34); Npx(15); margin(4); gap(11); padding(4); font-size(7); letter-spacing(5); line-height(6); %(7); border-radius(1); box-shadow(1); transition/animation(3); time (ms/s)(1); vh/vw(2)
css,app/css/core/utilities/nav.css,100,141,gap(2); rem/em(22); border-radius(16); padding(4); font-size(6); letter-spacing(6); transition/animation(9); Npx(35); box-shadow(13); box position/size(17); margin(1); %(6); line-height(4)
tsx,lib/ai/AiAdvisorPanel.tsx,52,128,Tailwind/CSS arbitrary [...](11); z-index(2); gap/space-*(7); rounded-*(11); p*/m* spacing (px/py/etc)(19); shadow*(2); transition(6); inline style={{ }}(14); hex color(21); style object key(11); text-* size(8); font-weight(2); w-/h-*(5); Npx(4); %(1); tracking/leading(1); animate-*(1); Tailwind palette(2)
tsx,features/planner/admin/AdminPlansPageView.tsx,58,127,Tailwind/CSS arbitrary [...](22); w-/h-*(2); p*/m* spacing (px/py/etc)(44); gap/space-*(8); text-* size(22); tracking/leading(5); font-weight(9); animate-*(2); rounded-*(9); rem/em(1); Tailwind palette(3)
css,app/css/core/planner/planner-responsive.css,74,120,box position/size(42); Npx(14); margin(3); z-index(3); transition/animation(2); time (ms/s)(3); cubic-bezier(1); box-shadow(2); %(11); gap(3); rem/em(25); padding(6); border-radius(3); font-size(2)
tsx,features/planner/portal/PortalPlanPageView.tsx,46,120,w-/h-*(3); p*/m* spacing (px/py/etc)(41); rounded-*(6); Tailwind/CSS arbitrary [...](9); rem/em(8); text-* size(20); font-weight(10); tracking/leading(6); gap/space-*(16); Npx(1)
tsx,features/shared/dashboard/DashboardClient.tsx,30,120,Tailwind/CSS arbitrary [...](12); inline style={{ }}(17); %(3); w-/h-*(2); gap/space-*(6); p*/m* spacing (px/py/etc)(18); rounded-*(6); rem/em(6); shadow*(2); text-* size(14); Npx(2); font-weight(10); tracking/leading(9); style object key(13)
css,app/css/core/planner/planner-chrome.css,86,119,box position/size(32); Npx(18); gap(4); transition/animation(1); %(30); z-index(1); border-radius(7); rem/em(12); padding(6); box-shadow(5); vh/vw(1); margin(2)
tsx,features/planner/portal/PortalPageView.tsx,36,118,w-/h-*(3); p*/m* spacing (px/py/etc)(40); rounded-*(7); Tailwind/CSS arbitrary [...](12); rem/em(9); text-* size(20); font-weight(9); tracking/leading(8); gap/space-*(6); shadow*(1); Npx(3)
tsx,lib/ui/SmartLayoutEngine.tsx,39,118,Tailwind/CSS arbitrary [...](17); z-index(2); gap/space-*(6); rounded-*(9); p*/m* spacing (px/py/etc)(19); shadow*(2); transition(3); inline style={{ }}(10); hex color(14); style object key(6); text-* size(8); font-weight(4); w-/h-*(4); Npx(5); Tailwind palette(9)
tsx,features/planner/onboarding/ProjectSetupStep.tsx,38,117,Tailwind/CSS arbitrary [...](34); style object key(24); p*/m* spacing (px/py/etc)(14); w-/h-*(15); rounded-*(4); shadow*(2); gap/space-*(7); text-* size(15); transition(1); hex color(1)
tsx,lib/ui/KeyboardShortcuts.tsx,39,114,%(1); Tailwind/CSS arbitrary [...](15); w-/h-*(3); Npx(7); vh/vw(2); rem/em(1); rounded-*(5); shadow*(1); inline style={{ }}(16); hex color(19); p*/m* spacing (px/py/etc)(20); gap/space-*(3); style object key(10); text-* size(8); font-weight(2); tracking/leading(1)
css,app/css/core/planner/session-dialog.css,63,112,rgb/rgba(16); Npx(13); box position/size(8); %(19); z-index(1); vh/vw(1); border-radius(8); rem/em(25); box-shadow(2); gap(5); padding(5); font-size(3); letter-spacing(3); line-height(3)
css,app/css/core/site/routes/home/contact-page.css,60,112,box position/size(18); %(6); Npx(8); padding(7); rem/em(31); gap(8); font-size(13); letter-spacing(5); line-height(4); margin(6); border-radius(2); box-shadow(1); transition/animation(3)
tsx,components/site/Header.tsx,62,112,Tailwind/CSS arbitrary [...](28); z-index(1); transition(7); shadow*(5); style object key(1); p*/m* spacing (px/py/etc)(36); w-/h-*(11); gap/space-*(8); rounded-*(9); Tailwind duration/delay(3); animate-*(2); font-weight(1)
tsx,features/planner/admin/AdminAnalyticsPageView.tsx,52,110,Tailwind/CSS arbitrary [...](12); w-/h-*(2); p*/m* spacing (px/py/etc)(37); gap/space-*(9); text-* size(21); tracking/leading(5); font-weight(10); rounded-*(8); animate-*(2); Tailwind palette(3); rem/em(1)
tsx,features/shared/entry/SuiteLoginPage.tsx,23,110,Tailwind/CSS arbitrary [...](20); rgb/rgba(4); w-/h-*(6); p*/m* spacing (px/py/etc)(16); gap/space-*(8); rounded-*(5); text-* size(16); font-weight(7); transition(3); style object key(6); Npx(3); tracking/leading(8); rem/em(6); shadow*(2)
css,app/css/core/chrome/shell/pdp.css,57,103,Npx(18); border-radius(9); rem/em(30); %(9); box-shadow(4); margin(3); box position/size(8); font-size(5); letter-spacing(4); padding(8); transition/animation(4); time (ms/s)(1)
tsx,app/(site)/products/[category]/FilterGrid.components.tsx,38,100,Tailwind/CSS arbitrary [...](15); style object key(10); p*/m* spacing (px/py/etc)(16); transition(9); gap/space-*(8); w-/h-*(16); text-* size(9); rounded-*(6); font-weight(2); shadow*(1); Npx(4); vh/vw(3); Tailwind duration/delay(1)
tsx,app/admin/themes/ThemeEditor.tsx,32,100,Tailwind/CSS arbitrary [...](7); animate-*(1); w-/h-*(3); Tailwind palette(28); rounded-*(8); hex color(3); shadow*(5); rgb/rgba(1); gap/space-*(6); p*/m* spacing (px/py/etc)(17); font-weight(7); transition(5); text-* size(8); Npx(1)
css,app/css/core/planner/side-panels.css,56,100,box position/size(13); %(8); gap(6); padding(6); Npx(8); margin(3); font-size(5); rem/em(34); letter-spacing(3); line-height(2); border-radius(7); rgb/rgba(4); box-shadow(1)
css,app/css/core/planner/planner-typography.css,81,97,Npx(2); font-size(42); line-height(12); box position/size(12); %(1); letter-spacing(25); rem/em(2); vh/vw(1)
tsx,components/support/VisualIVR.tsx,37,97,w-/h-*(18); Tailwind/CSS arbitrary [...](6); Npx(1); Tailwind palette(16); p*/m* spacing (px/py/etc)(13); shadow*(3); rounded-*(1); gap/space-*(6); text-* size(9); transition(7); font-weight(7); tracking/leading(1); motion props(4); style object key(3); JS anim duration(1); Tailwind duration/delay(1)
tsx,features/planner/admin/AdminInventoryPageView.tsx,48,97,Tailwind/CSS arbitrary [...](22); w-/h-*(3); p*/m* spacing (px/py/etc)(39); text-* size(16); tracking/leading(2); font-weight(7); gap/space-*(1); rem/em(2); rounded-*(5)
tsx,features/planner/admin/AdminPlanDetailPageView.tsx,50,93,Tailwind/CSS arbitrary [...](11); p*/m* spacing (px/py/etc)(24); text-* size(17); w-/h-*(2); gap/space-*(18); animate-*(1); rounded-*(8); Tailwind palette(6); tracking/leading(1); font-weight(5)
tsx,features/planner/landing/PlannerFeatureDemo.tsx,37,92,rem/em(3); Tailwind duration/delay(20); %(1); Tailwind/CSS arbitrary [...](23); gap/space-*(3); rounded-*(3); style object key(15); p*/m* spacing (px/py/etc)(10); font-weight(3); tracking/leading(2); text-* size(6); shadow*(3)
tsx,features/shared/entry/ChooseProductPage.tsx,26,92,p*/m* spacing (px/py/etc)(16); Tailwind/CSS arbitrary [...](17); %(4); w-/h-*(10); vh/vw(4); animate-*(2); rounded-*(7); style object key(9); Npx(2); JS anim duration(4); motion props(6); transition(3); z-index(2); text-* size(3); gap/space-*(3)
css,app/css/core/components/custom.css,55,90,line-height(3); box position/size(12); letter-spacing(6); rem/em(28); gap(5); transition/animation(1); font-size(6); border-radius(9); Npx(8); padding(7); box-shadow(2); margin(3)
css,app/css/core/components/buttons.css,66,87,gap(4); transition/animation(4); font-size(5); rem/em(16); letter-spacing(4); box position/size(5); border-radius(3); Npx(15); %(25); box-shadow(6)
css,app/css/core/chrome/shell/workspace.css,46,86,box position/size(11); vh/vw(1); %(15); Npx(11); border-radius(9); padding(9); rem/em(21); box-shadow(3); transition/animation(2); gap(1); margin(3)
tsx,features/planner/landing/PlannerFeaturePageView.tsx,40,86,Tailwind/CSS arbitrary [...](10); gap/space-*(14); p*/m* spacing (px/py/etc)(22); w-/h-*(25); rounded-*(3); text-* size(5); style object key(5); transition(2)
tsx,components/Reviews.tsx,35,84,Tailwind/CSS arbitrary [...](23); p*/m* spacing (px/py/etc)(15); gap/space-*(7); rem/em(1); text-* size(21); font-weight(5); tracking/leading(6); w-/h-*(6)
css,app/css/core/components/stats.css,41,82,gap(2); rem/em(25); padding(2); border-radius(2); font-size(9); vh/vw(2); letter-spacing(10); line-height(9); box position/size(16); margin(2); Npx(3)
css,app/css/core/utilities/misc.css,45,82,gap(5); rem/em(11); box position/size(17); Npx(8); %(17); font-size(4); line-height(2); margin(3); letter-spacing(1); vh/vw(1); padding(1); transition/animation(4); time (ms/s)(4); @keyframes(3); border-radius(1)
css,app/css/core/site/routes/pdp/cta.css,50,81,Npx(12); border-radius(6); padding(6); rem/em(22); box-shadow(7); box position/size(11); %(6); transition/animation(1); gap(4); font-size(2); line-height(1); vh/vw(1); z-index(1); letter-spacing(1)
tsx,components/site/MobileNavDrawer.tsx,42,79,Tailwind/CSS arbitrary [...](23); gap/space-*(7); rounded-*(7); p*/m* spacing (px/py/etc)(24); w-/h-*(7); font-weight(1); text-* size(6); vh/vw(1); transition(1); animate-*(1); Tailwind duration/delay(1)
css,app/css/core/utilities/buttons.css,57,77,gap(5); rem/em(20); box position/size(10); border-radius(5); Npx(12); font-size(5); letter-spacing(5); line-height(5); transition/animation(5); box-shadow(5)
tsx,components/home/ProcessSection.tsx,19,77,Tailwind/CSS arbitrary [...](13); p*/m* spacing (px/py/etc)(19); hex color(1); gap/space-*(5); text-* size(11); font-weight(7); tracking/leading(8); rounded-*(3); transition(2); motion props(2); style object key(2); JS anim duration(1); rem/em(3)
tsx,features/planner/ui/PlannerSkeleton.tsx,29,77,w-/h-*(26); gap/space-*(4); Tailwind/CSS arbitrary [...](6); style object key(5); p*/m* spacing (px/py/etc)(3); rounded-*(14); inline style={{ }}(1); Npx(4); hex color(5); %(9)
tsx,features/admin/ui/AdminShell.tsx,18,74,Tailwind palette(21); w-/h-*(14); p*/m* spacing (px/py/etc)(11); gap/space-*(8); rounded-*(5); font-weight(5); tracking/leading(1); text-* size(5); transition(4)
tsx,app/(site)/products/[category]/loading.tsx,17,70,Tailwind/CSS arbitrary [...](16); style object key(12); w-/h-*(12); vh/vw(1); Npx(1); animate-*(8); p*/m* spacing (px/py/etc)(10); rounded-*(7); gap/space-*(3)
tsx,features/planner/editor/PlannerWorkspace.tsx,66,70,Tailwind/CSS arbitrary [...](54); w-/h-*(2); style object key(10); inline style={{ }}(1); Npx(2); text-* size(1)
tsx,components/home/Hero.tsx,28,68,style object key(7); transition(4); JS anim duration(1); Tailwind/CSS arbitrary [...](16); %(4); w-/h-*(11); vh/vw(4); Npx(2); inline style={{ }}(1); Tailwind duration/delay(1); z-index(2); p*/m* spacing (px/py/etc)(8); rem/em(2); gap/space-*(2); text-* size(1); font-weight(1); tracking/leading(1)
tsx,features/planner/onboarding/OnboardingCoach.tsx,35,67,Tailwind/CSS arbitrary [...](16); Npx(2); rgb/rgba(1); style object key(5); rounded-*(6); transition(4); Tailwind duration/delay(2); w-/h-*(6); vh/vw(1); rem/em(1); shadow*(1); inline style={{ }}(1); p*/m* spacing (px/py/etc)(10); gap/space-*(4); text-* size(5); font-weight(1); tracking/leading(1)
css,app/css/core/chrome/shell/portal.css,48,66,box position/size(16); vh/vw(2); rem/em(10); border-radius(9); Npx(13); transition/animation(5); time (ms/s)(1); @keyframes(1); z-index(1); %(2); box-shadow(5); margin(1)
tsx,features/planner/admin/AdminCatalogListView.tsx,31,66,Tailwind/CSS arbitrary [...](7); w-/h-*(1); p*/m* spacing (px/py/etc)(28); gap/space-*(3); text-* size(11); tracking/leading(2); font-weight(6); animate-*(2); rounded-*(3); Tailwind palette(3)
tsx,app/(site)/quote-cart/page.tsx,33,65,Tailwind/CSS arbitrary [...](5); p*/m* spacing (px/py/etc)(24); gap/space-*(9); w-/h-*(18); rounded-*(8); Tailwind palette(1)
css,app/css/core/planner/planner-canvas-layout.css,49,65,box position/size(31); Npx(6); %(6); padding(1); z-index(4); margin(2); border-radius(3); transition/animation(1); time (ms/s)(1); cubic-bezier(1); box-shadow(1); rem/em(8)
css,app/css/core/site/routes/home/extras.css,38,65,font-size(5); letter-spacing(5); rem/em(9); line-height(3); box position/size(11); %(14); gap(2); Npx(10); vh/vw(1); transition/animation(1); border-radius(2); z-index(1); margin(1)
tsx,app/(site)/opengraph-image.tsx,29,64,style object key(23); inline style={{ }}(9); %(5); hex color(8); Npx(18); rgb/rgba(1)
css,app/css/core/planner/workspace.css,39,64,box-shadow(2); @keyframes(4); Npx(15); transition/animation(6); time (ms/s)(4); cubic-bezier(1); box position/size(13); border-radius(3); z-index(1); %(13); margin(2)
tsx,components/home/HomepageHero.tsx,27,63,transition(5); style object key(11); %(5); Tailwind/CSS arbitrary [...](10); JS anim duration(1); w-/h-*(9); vh/vw(4); p*/m* spacing (px/py/etc)(5); motion props(1); z-index(2); rem/em(1); gap/space-*(3); text-* size(1); shadow*(2); rounded-*(2); Tailwind duration/delay(1)
tsx,features/shared/auth/components/AuthControls.tsx,11,62,gap/space-*(1); rounded-*(2); font-weight(1); transition(2); Tailwind/CSS arbitrary [...](15); style object key(13); Tailwind palette(20); p*/m* spacing (px/py/etc)(8)
tsx,components/home/FeaturedCarousel.tsx,32,61,Tailwind/CSS arbitrary [...](10); p*/m* spacing (px/py/etc)(12); gap/space-*(4); w-/h-*(19); rounded-*(6); transition(4); style object key(1); Npx(1); vh/vw(2); Tailwind duration/delay(1); tracking/leading(1)
tsx,components/backend-architecture/BackendArchitecturePageView.tsx,53,60,Tailwind/CSS arbitrary [...](55); transition(1); style object key(1); Npx(2); vh/vw(1)
tsx,features/planner/landing/PlannerFeaturesHubPage.tsx,35,60,Tailwind/CSS arbitrary [...](5); vh/vw(1); z-index(1); p*/m* spacing (px/py/etc)(21); gap/space-*(6); w-/h-*(7); text-* size(2); motion props(4); style object key(6); Npx(2); transition(3); JS anim duration(2)
tsx,features/admin/ui/AdminDashboard.tsx,19,59,gap/space-*(5); w-/h-*(13); text-* size(7); font-weight(4); tracking/leading(1); Tailwind palette(16); p*/m* spacing (px/py/etc)(7); rounded-*(6)
tsx,features/shared/auth/components/SignupPage.tsx,23,58,Tailwind/CSS arbitrary [...](8); p*/m* spacing (px/py/etc)(6); w-/h-*(2); rounded-*(1); Tailwind palette(26); text-* size(3); font-weight(4); tracking/leading(2); gap/space-*(2); animate-*(2); style object key(2)
tsx,features/planner/admin/AdminFeatureFlagsPageView.tsx,29,57,Tailwind/CSS arbitrary [...](9); w-/h-*(5); p*/m* spacing (px/py/etc)(13); gap/space-*(5); text-* size(9); tracking/leading(1); font-weight(3); animate-*(2); rounded-*(4); Tailwind palette(3); transition(2); shadow*(1)
tsx,features/shared/auth/components/AuthShell.tsx,15,56,p*/m* spacing (px/py/etc)(14); gap/space-*(4); font-weight(3); tracking/leading(2); Tailwind palette(16); w-/h-*(2); rounded-*(3); Tailwind/CSS arbitrary [...](5); style object key(4); Npx(1); shadow*(1); text-* size(1)
css,app/css/core/components/client-badge.css,32,53,gap(3); rem/em(17); box position/size(12); padding(3); Npx(3); border-radius(3); margin(2); font-size(4); letter-spacing(2); box-shadow(1); line-height(2); transition/animation(1)
tsx,components/site/SiteErrorBoundary.tsx,12,53,Tailwind/CSS arbitrary [...](5); hex color(3); p*/m* spacing (px/py/etc)(11); rounded-*(7); shadow*(3); w-/h-*(9); text-* size(7); font-weight(3); tracking/leading(2); gap/space-*(1); transition(2)
css,app/css/core/chrome/shell/site-fabs.css,28,49,box position/size(18); Npx(16); z-index(1); rem/em(10); border-radius(1); box-shadow(1); transition/animation(1); hex color(1)
tsx,app/(site)/access/page.tsx,17,48,Tailwind/CSS arbitrary [...](13); w-/h-*(4); gap/space-*(1); text-* size(11); font-weight(2); transition(1); p*/m* spacing (px/py/etc)(5); z-index(2); %(6); rounded-*(1); tracking/leading(2)
tsx,app/(site)/sustainability/page.tsx,30,48,p*/m* spacing (px/py/etc)(31); gap/space-*(10); Tailwind/CSS arbitrary [...](1); w-/h-*(3); rounded-*(3)
tsx,features/shared/shell/GlobalNavHeader.tsx,19,48,z-index(1); w-/h-*(4); gap/space-*(3); p*/m* spacing (px/py/etc)(7); inline style={{ }}(6); rgb/rgba(1); transition(3); rounded-*(3); text-* size(4); Tailwind/CSS arbitrary [...](4); Npx(4); font-weight(2); tracking/leading(2); style object key(4)
css,app/css/core/chrome/shell/quick-contact.css,24,46,box position/size(7); rem/em(21); border-radius(3); padding(2); font-size(5); transition/animation(2); gap(4); margin(2)
tsx,components/ui/HotspotImage.tsx,17,46,Tailwind/CSS arbitrary [...](2); w-/h-*(8); Npx(2); inline style={{ }}(2); vh/vw(1); transition(4); Tailwind duration/delay(2); style object key(5); rounded-*(2); animate-*(1); z-index(2); shadow*(1); motion props(3); p*/m* spacing (px/py/etc)(3); font-weight(3); text-* size(3); tracking/leading(2)
tsx,features/planner/shared/components/Inspector.tsx,17,46,p*/m* spacing (px/py/etc)(9); text-* size(9); Tailwind palette(13); gap/space-*(5); font-weight(5); Tailwind/CSS arbitrary [...](1); w-/h-*(2); rounded-*(1); transition(1)
css,app/css/core/chrome/shell/admin.css,28,45,box position/size(8); vh/vw(1); transition/animation(3); z-index(1); Npx(2); gap(2); rem/em(13); %(3); padding(2); font-size(3); margin(1); letter-spacing(1); border-radius(2); box-shadow(3)
css,app/css/core/utilities/badges.css,29,45,border-radius(3); Npx(4); padding(3); rem/em(12); font-size(5); letter-spacing(5); line-height(4); box position/size(4); gap(1); transition/animation(3); box-shadow(1)
tsx,app/(site)/compare/page.tsx,21,44,p*/m* spacing (px/py/etc)(21); Tailwind/CSS arbitrary [...](4); gap/space-*(5); transition(1); w-/h-*(4); rounded-*(4); Npx(2); style object key(1); vh/vw(2)
tsx,app/(site)/showrooms/page.tsx,25,44,p*/m* spacing (px/py/etc)(30); gap/space-*(4); text-* size(4); font-weight(4); w-/h-*(2)
tsx,components/home/Collections.tsx,15,44,p*/m* spacing (px/py/etc)(5); gap/space-*(5); w-/h-*(12); rounded-*(2); transition(4); Tailwind duration/delay(4); Tailwind/CSS arbitrary [...](3); style object key(2); Npx(4); vh/vw(3)
tsx,app/(site)/about/page.tsx,28,43,p*/m* spacing (px/py/etc)(26); gap/space-*(7); rounded-*(4); style object key(1); Npx(1); vh/vw(2); w-/h-*(2)
css,app/css/core/site/routes/site/footer.css,22,43,letter-spacing(1); rem/em(11); border-radius(3); Npx(4); transition/animation(3); box position/size(9); margin(2); padding(4); gap(3); font-size(2); line-height(1)
tsx,features/planner/canvas-fabric/components/FabricPropertiesInspector.tsx,31,43,Tailwind/CSS arbitrary [...](16); p*/m* spacing (px/py/etc)(10); gap/space-*(7); text-* size(9); rounded-*(1)
css,app/css/core/chrome/shell/cta.css,25,41,box position/size(12); %(8); Npx(5); border-radius(2); padding(4); rem/em(6); box-shadow(1); z-index(1); gap(1); font-size(1)
tsx,components/home/ShowcaseCarousel.tsx,20,41,Tailwind/CSS arbitrary [...](11); p*/m* spacing (px/py/etc)(4); gap/space-*(5); w-/h-*(5); vh/vw(5); rem/em(4); rounded-*(1); style object key(2); Npx(2); transition(1); Tailwind duration/delay(1)
tsx,features/planner/help/PlannerHelpPage.tsx,26,41,Tailwind/CSS arbitrary [...](4); p*/m* spacing (px/py/etc)(18); gap/space-*(5); w-/h-*(9); text-* size(1); style object key(1); rounded-*(2); font-weight(1)
tsx,components/career/CareerPageView.tsx,26,40,p*/m* spacing (px/py/etc)(24); w-/h-*(6); gap/space-*(7); Tailwind/CSS arbitrary [...](2); rounded-*(1)
tsx,components/home/CategoryGrid.tsx,17,40,Tailwind/CSS arbitrary [...](4); p*/m* spacing (px/py/etc)(10); w-/h-*(7); gap/space-*(6); transition(2); Tailwind duration/delay(2); shadow*(1); rounded-*(1); style object key(2); Npx(2); vh/vw(3)
tsx,components/site/CookieConsentBar.tsx,10,40,z-index(1); Tailwind/CSS arbitrary [...](13); shadow*(1); style object key(4); w-/h-*(4); text-* size(2); tracking/leading(1); rounded-*(1); p*/m* spacing (px/py/etc)(7); font-weight(2); transition(1); gap/space-*(3)
tsx,features/planner/editor/OnboardingTooltips.tsx,18,40,style object key(7); %(4); Npx(4); Tailwind/CSS arbitrary [...](5); z-index(1); inline style={{ }}(1); gap/space-*(3); rounded-*(3); p*/m* spacing (px/py/etc)(5); shadow*(1); text-* size(3); font-weight(1); w-/h-*(2)
tsx,lib/ui/Tooltip.tsx,17,39,Tailwind/CSS arbitrary [...](4); style object key(6); p*/m* spacing (px/py/etc)(7); w-/h-*(3); rounded-*(3); shadow*(1); text-* size(2); inline style={{ }}(2); hex color(8); Npx(1); font-weight(1); tracking/leading(1)
tsx,tests/integration/planner-canvas-fabric-FloorplanContext.test.tsx,38,39,Tailwind/CSS arbitrary [...](29); hex color(8); style object key(2)
tsx,app/(site)/access/AccessForm.tsx,14,36,Tailwind/CSS arbitrary [...](9); p*/m* spacing (px/py/etc)(6); text-* size(7); gap/space-*(4); Tailwind palette(4); rounded-*(2); w-/h-*(1); font-weight(1); transition(1); shadow*(1)
tsx,components/repo-store/RepoStorePageView.tsx,36,36,Tailwind/CSS arbitrary [...](36)
css,app/css/core/site/routes/catalog/summary.css,17,35,box position/size(9); %(1); Npx(3); gap(2); rem/em(11); padding(3); font-size(1); transition/animation(1); border-radius(2); box-shadow(1); margin(1)
tsx,features/planner/landing/PlannerToolsShowcase.tsx,18,35,transition(3); style object key(3); gap/space-*(7); Tailwind/CSS arbitrary [...](3); Npx(1); p*/m* spacing (px/py/etc)(6); motion props(1); JS anim duration(1); w-/h-*(7); text-* size(1); shadow*(2)
tsx,app/(site)/login/LoginForm.tsx,30,34,Tailwind/CSS arbitrary [...](12); p*/m* spacing (px/py/etc)(5); text-* size(9); tracking/leading(1); gap/space-*(6); transition(1)
tsx,app/(site)/products/loading.tsx,7,34,w-/h-*(7); p*/m* spacing (px/py/etc)(6); animate-*(4); rounded-*(5); Tailwind/CSS arbitrary [...](6); style object key(5); gap/space-*(1)
tsx,app/(site)/privacy/page.tsx,18,33,p*/m* spacing (px/py/etc)(20); gap/space-*(8); Tailwind/CSS arbitrary [...](1); text-* size(1); tracking/leading(1); font-weight(1); transition(1)
tsx,app/(site)/solutions/page.tsx,19,33,gap/space-*(6); p*/m* spacing (px/py/etc)(13); style object key(2); Npx(2); vh/vw(4); w-/h-*(3); transition(1); Tailwind duration/delay(1); shadow*(1)
tsx,components/ui/WhatsAppCTA.tsx,15,33,Tailwind/CSS arbitrary [...](2); motion props(7); style object key(5); transition(2); JS anim duration(2); w-/h-*(11); rounded-*(2); rem/em(1); p*/m* spacing (px/py/etc)(1)
tsx,features/planner/canvas-fabric/context/FloorplanContext.tsx,32,32,style object key(8); Tailwind/CSS arbitrary [...](24)
tsx,features/planner/landing/PlannerLandingPage.tsx,19,32,motion props(4); style object key(6); Npx(2); transition(2); JS anim duration(2); p*/m* spacing (px/py/etc)(8); gap/space-*(6); Tailwind/CSS arbitrary [...](1); w-/h-*(1)
tsx,features/shared/auth/components/SuspendedPage.tsx,6,32,p*/m* spacing (px/py/etc)(6); w-/h-*(2); rounded-*(2); Tailwind palette(14); text-* size(1); font-weight(1); tracking/leading(1); gap/space-*(1); Tailwind/CSS arbitrary [...](2); style object key(2)
tsx,lib/ui/UndoToast.tsx,8,32,Tailwind/CSS arbitrary [...](11); transition(2); Tailwind duration/delay(1); %(2); gap/space-*(2); p*/m* spacing (px/py/etc)(2); rounded-*(1); shadow*(1); text-* size(4); Npx(1); hex color(4); font-weight(1)
tsx,app/(site)/social/page.tsx,17,31,p*/m* spacing (px/py/etc)(14); gap/space-*(3); Tailwind/CSS arbitrary [...](1); w-/h-*(5); rounded-*(1); style object key(2); Npx(2); vh/vw(3)
css,app/css/core/layout/app-shell.css,27,31,%(7); gap(3); Npx(8); box-shadow(3); z-index(2); padding(2); border-radius(1); box position/size(2); transition/animation(1); time (ms/s)(1); cubic-bezier(1)
css,app/css/core/utilities/layout.css,16,31,rem/em(8); box position/size(11); Npx(9); %(3)
tsx,components/home/CollaborationSection.tsx,10,31,p*/m* spacing (px/py/etc)(9); w-/h-*(5); Tailwind/CSS arbitrary [...](4); Npx(2); %(2); style object key(1); vh/vw(2); tracking/leading(2); text-* size(1); font-weight(1); gap/space-*(1); transition(1)
tsx,components/ProductGallery.tsx,13,31,Tailwind/CSS arbitrary [...](2); inline style={{ }}(3); Npx(5); w-/h-*(4); rounded-*(1); Tailwind palette(4); transition(2); style object key(2); vh/vw(3); p*/m* spacing (px/py/etc)(4); Tailwind duration/delay(1)
tsx,app/(site)/downloads/page.tsx,17,30,p*/m* spacing (px/py/etc)(20); gap/space-*(5); Tailwind/CSS arbitrary [...](1); w-/h-*(3); rounded-*(1)
tsx,app/(site)/trusted-by/page.tsx,20,30,p*/m* spacing (px/py/etc)(20); gap/space-*(5); Tailwind/CSS arbitrary [...](2); w-/h-*(3)
css,app/css/core/layout/marketing.css,28,30,rem/em(3); vh/vw(1); padding(2); box position/size(2); z-index(2); %(7); gap(5); Npx(4); border-radius(1); box-shadow(2); transition/animation(1)
tsx,components/home/Teaser.tsx,15,30,p*/m* spacing (px/py/etc)(7); gap/space-*(4); w-/h-*(2); tracking/leading(2); Tailwind/CSS arbitrary [...](1); font-weight(1); transition(4); text-* size(1); %(1); rounded-*(1); Tailwind duration/delay(2); style object key(1); Npx(1); vh/vw(2)
tsx,app/(site)/service/page.tsx,19,29,p*/m* spacing (px/py/etc)(24); gap/space-*(4); Tailwind/CSS arbitrary [...](1)
tsx,tests/integration/planner-hooks-useAssetLoader.test.tsx,27,29,style object key(6); hex color(2); Tailwind/CSS arbitrary [...](21)
css,app/css/core/site/routes/legal.css,14,28,box position/size(7); %(1); font-size(2); padding(3); rem/em(9); Npx(4); letter-spacing(1); margin(1)
tsx,components/home/HomeFAQ.tsx,12,28,Tailwind/CSS arbitrary [...](2); p*/m* spacing (px/py/etc)(7); gap/space-*(1); transition(3); Tailwind duration/delay(1); motion props(6); JS anim duration(2); style object key(6)
tsx,components/shared/Newsletter.tsx,10,28,p*/m* spacing (px/py/etc)(9); shadow*(1); w-/h-*(7); rounded-*(1); transition(2); Tailwind duration/delay(1); z-index(1); gap/space-*(3); tracking/leading(1); text-* size(1); font-weight(1)
tsx,features/planner/admin/AdminLayoutShell.tsx,12,28,w-/h-*(4); gap/space-*(5); p*/m* spacing (px/py/etc)(8); text-* size(5); tracking/leading(1); font-weight(3); rounded-*(1); transition(1)
tsx,features/planner/editor/PlannerWorkspaceLayout.tsx,6,27,Tailwind palette(4); text-* size(2); font-weight(2); p*/m* spacing (px/py/etc)(4); shadow*(1); Tailwind/CSS arbitrary [...](2); animate-*(2); gap/space-*(1); w-/h-*(4); rounded-*(3); Npx(1); transition(1)
tsx,features/planner/landing/PlannerHeroDemo.tsx,16,27,style object key(12); transition(5); JS anim duration(5); Tailwind/CSS arbitrary [...](4); motion props(1)
tsx,features/planner/onboarding/StartingPointStep.tsx,9,27,p*/m* spacing (px/py/etc)(3); animate-*(1); Tailwind duration/delay(1); w-/h-*(3); gap/space-*(3); text-* size(5); Tailwind/CSS arbitrary [...](4); style object key(4); Tailwind palette(1); font-weight(1); tracking/leading(1)
tsx,app/(site)/planning/page.tsx,16,26,p*/m* spacing (px/py/etc)(21); gap/space-*(4); Tailwind/CSS arbitrary [...](1)
tsx,app/(site)/products/[category]/[product]/page.tsx,12,26,Tailwind/CSS arbitrary [...](11); animate-*(1); gap/space-*(1); w-/h-*(6); p*/m* spacing (px/py/etc)(1); style object key(3); rounded-*(3)
css,app/css/core/chrome/shell/nav.css,15,26,font-size(5); rem/em(9); box position/size(2); Npx(4); border-radius(1); %(3); padding(1); letter-spacing(1)
tsx,components/products/CompareDock.tsx,10,26,Tailwind/CSS arbitrary [...](2); z-index(1); w-/h-*(9); %(1); rem/em(1); rounded-*(3); p*/m* spacing (px/py/etc)(3); shadow*(1); gap/space-*(4); text-* size(1)
tsx,app/(site)/news/page.tsx,17,24,p*/m* spacing (px/py/etc)(15); gap/space-*(4); Tailwind/CSS arbitrary [...](2); w-/h-*(3)
tsx,features/planner/admin/AdminDashboardPageView.tsx,10,24,w-/h-*(4); p*/m* spacing (px/py/etc)(7); text-* size(4); tracking/leading(1); font-weight(2); gap/space-*(1); rounded-*(2); transition(1); shadow*(2)
tsx,features/planner/editor/ExportModal.tsx,16,24,Tailwind/CSS arbitrary [...](15); gap/space-*(2); p*/m* spacing (px/py/etc)(4); text-* size(2); animate-*(1)
tsx,features/planner/shared/components/Catalog.tsx,13,24,gap/space-*(2); p*/m* spacing (px/py/etc)(4); rounded-*(1); Tailwind palette(10); transition(2); shadow*(1); text-* size(3); font-weight(1)
tsx,features/planner/shared/components/WorkspaceShell.tsx,6,24,Tailwind palette(10); w-/h-*(5); z-index(4); Tailwind/CSS arbitrary [...](2); Npx(2); transition(1)
tsx,features/planner/canvas-fabric/components/ChairsLayoutDialog.tsx,22,23,Tailwind/CSS arbitrary [...](19); style object key(4)
tsx,features/planner/editor/chrome/PlannerChromeWidget.tsx,22,23,style object key(7); Tailwind/CSS arbitrary [...](16)
tsx,app/(site)/projects/page.tsx,12,22,p*/m* spacing (px/py/etc)(14); gap/space-*(5); text-* size(1); font-weight(1); tracking/leading(1)
tsx,features/planner/ai/AiAdvisorChat.tsx,5,22,z-index(1); w-/h-*(2); Tailwind/CSS arbitrary [...](4); Npx(2); rounded-*(1); p*/m* spacing (px/py/etc)(2); gap/space-*(1); text-* size(4); font-weight(1); tracking/leading(2); style object key(2)
tsx,features/shared/auth/components/LoginPage.tsx,10,22,Tailwind/CSS arbitrary [...](6); gap/space-*(1); p*/m* spacing (px/py/etc)(1); animate-*(2); Tailwind palette(6); transition(1); font-weight(1); text-* size(2); style object key(2)
tsx,features/planner/editor/inspector/PropertiesInspector.tsx,14,21,Tailwind/CSS arbitrary [...](4); text-* size(6); font-weight(2); p*/m* spacing (px/py/etc)(6); w-/h-*(1); Npx(1); tracking/leading(1)
tsx,features/planner/editor/PlannerTopBar.tsx,6,21,Tailwind/CSS arbitrary [...](3); w-/h-*(3); gap/space-*(2); rounded-*(2); Tailwind palette(5); p*/m* spacing (px/py/etc)(2); font-weight(1); tracking/leading(1); rem/em(1); animate-*(1)
tsx,features/planner/editor/templates/TemplatePickerModal.tsx,13,21,style object key(4); Tailwind/CSS arbitrary [...](11); text-* size(2); Npx(1); gap/space-*(1); p*/m* spacing (px/py/etc)(2)
tsx,features/planner/shared/components/ViewToggle.tsx,7,21,w-/h-*(3); Tailwind/CSS arbitrary [...](5); style object key(3); gap/space-*(2); p*/m* spacing (px/py/etc)(2); text-* size(2); font-weight(2); transition(2)
tsx,app/(site)/portfolio/page.tsx,14,20,Tailwind/CSS arbitrary [...](2); p*/m* spacing (px/py/etc)(10); gap/space-*(6); text-* size(1); w-/h-*(1)
tsx,components/ThreeViewer.tsx,7,20,w-/h-*(2); Tailwind/CSS arbitrary [...](5); Npx(2); Tailwind palette(5); p*/m* spacing (px/py/etc)(2); rounded-*(1); text-* size(2); font-weight(1)
tsx,features/planner/landing/PlannerFloorplanHero.tsx,12,20,transition(4); style object key(9); %(1); shadow*(2); motion props(3); JS anim duration(1)
tsx,features/shared/components/RestrictedActionButton.tsx,3,20,z-index(1); rounded-*(1); Tailwind/CSS arbitrary [...](9); p*/m* spacing (px/py/etc)(2); text-* size(2); animate-*(2); gap/space-*(1); w-/h-*(2)
tsx,app/(site)/tracking/page.tsx,12,19,p*/m* spacing (px/py/etc)(14); gap/space-*(3); Tailwind/CSS arbitrary [...](1); w-/h-*(1)
css,app/css/core/chrome/shell/footer.css,15,19,@keyframes(1); %(5); transition/animation(4); box position/size(3); gap(2); rem/em(2); time (ms/s)(1); Npx(1)
tsx,components/ui/Button.tsx,5,19,rounded-*(2); p*/m* spacing (px/py/etc)(5); text-* size(4); font-weight(1); transition(1); w-/h-*(4); Tailwind/CSS arbitrary [...](2)
tsx,components/ui/Modal.tsx,8,19,Tailwind/CSS arbitrary [...](6); animate-*(1); rounded-*(2); p*/m* spacing (px/py/etc)(4); shadow*(1); w-/h-*(3); vh/vw(1); transition(1)
tsx,features/planner/editor/PlannerErrorBoundary.tsx,6,19,w-/h-*(1); Tailwind/CSS arbitrary [...](3); Npx(1); p*/m* spacing (px/py/etc)(8); rounded-*(1); rem/em(2); font-weight(1); tracking/leading(1); text-* size(1)
tsx,features/planner/ui/MobileDrawerSheet.tsx,7,19,Tailwind/CSS arbitrary [...](3); style object key(2); rgb/rgba(1); rounded-*(2); rem/em(1); shadow*(1); inline style={{ }}(1); p*/m* spacing (px/py/etc)(4); w-/h-*(2); font-weight(1); tracking/leading(1)
tsx,app/(site)/gallery/page.tsx,10,18,p*/m* spacing (px/py/etc)(11); w-/h-*(2); rem/em(1); transition(1); Tailwind duration/delay(1); Tailwind/CSS arbitrary [...](1); text-* size(1)
tsx,app/(site)/refund-and-return-policy/page.tsx,10,18,p*/m* spacing (px/py/etc)(12); gap/space-*(5); Tailwind/CSS arbitrary [...](1)
tsx,features/planner/ui/WorkspacePanel.tsx,10,18,Tailwind/CSS arbitrary [...](7); inline style={{ }}(1); style object key(4); rounded-*(3); shadow*(2); rem/em(1)
tsx,components/contact/CustomerQueryForm.tsx,17,17,Tailwind/CSS arbitrary [...](9); gap/space-*(4); font-weight(3); text-* size(1)
tsx,features/planner/ui/CatalogPanel.tsx,17,17,Tailwind/CSS arbitrary [...](16); Npx(1)
tsx,app/(site)/terms/page.tsx,10,16,p*/m* spacing (px/py/etc)(12); gap/space-*(3); Tailwind/CSS arbitrary [...](1)
tsx,components/site/FooterLogoMarquee.tsx,7,16,Tailwind/CSS arbitrary [...](3); p*/m* spacing (px/py/etc)(2); animate-*(2); gap/space-*(1); w-/h-*(6); transition(1); Tailwind duration/delay(1)
tsx,features/planner/catalog/CatalogBlockPreview.tsx,10,16,style object key(6); Tailwind/CSS arbitrary [...](5); rounded-*(1); shadow*(1); inline style={{ }}(2); %(1)
tsx,features/planner/catalog/CatalogPanel.tsx,16,16,Tailwind/CSS arbitrary [...](16)
tsx,app/(site)/imprint/page.tsx,9,15,p*/m* spacing (px/py/etc)(10); gap/space-*(4); Tailwind/CSS arbitrary [...](1)
tsx,components/home/ClientQuote.tsx,8,15,p*/m* spacing (px/py/etc)(7); w-/h-*(3); gap/space-*(1); Tailwind/CSS arbitrary [...](1); Npx(1); text-* size(1); font-weight(1)
tsx,components/products/CompareColumnActions.tsx,4,15,p*/m* spacing (px/py/etc)(3); gap/space-*(2); w-/h-*(4); rounded-*(2); text-* size(2); font-weight(2)
tsx,components/shared/ContactTeaser.tsx,12,15,Tailwind/CSS arbitrary [...](8); p*/m* spacing (px/py/etc)(2); gap/space-*(4); Npx(1)
tsx,components/site/Footer.tsx,12,15,rounded-*(1); transition(1); p*/m* spacing (px/py/etc)(7); gap/space-*(4); w-/h-*(1); Tailwind/CSS arbitrary [...](1)
tsx,components/site/LanguageSwitcher.tsx,8,15,Tailwind/CSS arbitrary [...](4); gap/space-*(1); p*/m* spacing (px/py/etc)(3); Tailwind palette(3); text-* size(2); rounded-*(1); w-/h-*(1)
tsx,features/planner/ai/AIAssistDrawer.tsx,15,15,Tailwind/CSS arbitrary [...](15)
tsx,components/home/HomeTrustStrip.tsx,7,14,Tailwind/CSS arbitrary [...](2); p*/m* spacing (px/py/etc)(1); gap/space-*(2); animate-*(2); inline style={{ }}(1); w-/h-*(6)
tsx,app/(site)/products/[category]/CategoryPageView.tsx,7,13,p*/m* spacing (px/py/etc)(6); gap/space-*(2); Tailwind/CSS arbitrary [...](1); animate-*(1); rounded-*(1); text-* size(1); font-weight(1)
css,app/css/core/utilities/colors.css,10,13,box-shadow(6); Npx(3); border-radius(3); box position/size(1)
css,app/css/core/site/routes/error.css,6,12,box position/size(4); vh/vw(1); rem/em(4); margin(2); font-size(1)
tsx,components/support/SupportIvrPageView.tsx,6,12,p*/m* spacing (px/py/etc)(11); w-/h-*(1)
tsx,components/contact/ContactPageView.tsx,8,11,p*/m* spacing (px/py/etc)(7); font-weight(1); transition(1); gap/space-*(2)
tsx,components/home/Projects.tsx,6,11,p*/m* spacing (px/py/etc)(1); w-/h-*(1); Tailwind/CSS arbitrary [...](2); style object key(1); Npx(1); vh/vw(2); transition(1); Tailwind duration/delay(1); gap/space-*(1)
tsx,components/shared/SectionReveal.tsx,6,11,motion props(1); style object key(3); Npx(4); transition(1); JS anim duration(2)
tsx,features/planner/editor/PlannerStepBar.tsx,9,11,Tailwind/CSS arbitrary [...](10); inline style={{ }}(1)
tsx,tests/integration/planner-catalog-components.test.tsx,10,11,Tailwind/CSS arbitrary [...](8); rounded-*(1); Npx(2)
tsx,app/admin/themes/page.tsx,4,10,p*/m* spacing (px/py/etc)(3); w-/h-*(1); Tailwind palette(3); text-* size(1); font-weight(1); tracking/leading(1)
css,app/css/core/utilities/schemes.css,8,10,%(7); box-shadow(3)
tsx,components/shared/Reveal.tsx,8,10,%(2); style object key(3); Npx(1); Tailwind/CSS arbitrary [...](1); inline style={{ }}(1); transition(1); motion props(1)
tsx,components/ui/CookieConsent.tsx,5,10,Tailwind/CSS arbitrary [...](1); p*/m* spacing (px/py/etc)(2); z-index(1); gap/space-*(2); shadow*(1); text-* size(1); font-weight(1); w-/h-*(1)
tsx,features/planner/landing/PlannerSuite.tsx,6,10,gap/space-*(4); w-/h-*(1); p*/m* spacing (px/py/etc)(5)
tsx,tests/integration/site-assistant-UnifiedAssistant.test.tsx,10,10,Tailwind/CSS arbitrary [...](10)
tsx,app/(site)/templates/page.tsx,5,9,p*/m* spacing (px/py/etc)(7); w-/h-*(1); gap/space-*(1)
tsx,components/ui/Input.tsx,1,9,w-/h-*(1); rounded-*(1); Tailwind/CSS arbitrary [...](2); p*/m* spacing (px/py/etc)(2); text-* size(2); font-weight(1)
tsx,features/planner/canvas-fabric/FabricLibraryPanel.tsx,9,9,Tailwind/CSS arbitrary [...](9)
tsx,features/shared/components/GuestBadge.tsx,1,9,rounded-*(1); Tailwind/CSS arbitrary [...](3); p*/m* spacing (px/py/etc)(2); text-* size(2); font-weight(1)
tsx,app/(site)/loading.tsx,3,8,w-/h-*(3); Tailwind/CSS arbitrary [...](1); vh/vw(1); gap/space-*(1); animate-*(1); rounded-*(1)
tsx,features/planner/canvas-fabric/RoomPresetsModal.tsx,6,8,Tailwind/CSS arbitrary [...](8)
tsx,features/planner/catalog/CatalogDropGhost.tsx,8,8,style object key(6); inline style={{ }}(2)
tsx,features/planner/editor/LayerVisibilityPanel.tsx,8,8,Tailwind/CSS arbitrary [...](8)
tsx,features/planner/editor/PlannerLeftPanel.tsx,8,8,Tailwind/CSS arbitrary [...](8)
tsx,lib/theme/ThemeProvider.tsx,8,8,Tailwind/CSS arbitrary [...](8)
tsx,components/career/JobCard.tsx,4,7,p*/m* spacing (px/py/etc)(4); transition(2); Tailwind duration/delay(1)
tsx,components/shared/RouteCtaBand.tsx,6,7,gap/space-*(2); Tailwind/CSS arbitrary [...](2); w-/h-*(1); p*/m* spacing (px/py/etc)(2)
tsx,features/planner/landing/PlannerLayoutGraphic.tsx,5,7,rounded-*(1); p*/m* spacing (px/py/etc)(1); w-/h-*(2); Tailwind duration/delay(1); Tailwind/CSS arbitrary [...](1); inline style={{ }}(1)
tsx,tests/integration/ops-CustomerQueriesOpsPageView.test.tsx,6,7,Tailwind/CSS arbitrary [...](7)
tsx,tests/integration/pwa-ServiceWorkerRegister.test.tsx,7,7,Tailwind/CSS arbitrary [...](7)
tsx,app/(site)/layout.tsx,2,6,hex color(1); z-index(1); p*/m* spacing (px/py/etc)(2); text-* size(1); font-weight(1)
tsx,app/(site)/not-found.tsx,5,6,p*/m* spacing (px/py/etc)(5); gap/space-*(1)
tsx,components/home/PartnershipBanner.tsx,3,6,style object key(1); Npx(3); Tailwind/CSS arbitrary [...](2)
tsx,components/shared/RouteActionCard.tsx,4,6,p*/m* spacing (px/py/etc)(3); w-/h-*(1); gap/space-*(1); Tailwind/CSS arbitrary [...](1)
tsx,components/ui/Logo.tsx,3,6,Tailwind/CSS arbitrary [...](2); style object key(1); Npx(3)
tsx,features/planner/ai/AiAdvisorChatPane.tsx,6,6,Tailwind/CSS arbitrary [...](6)
tsx,features/planner/ai/LayoutPreviewSvg.tsx,6,6,style object key(2); Tailwind/CSS arbitrary [...](2); %(2)
tsx,features/planner/catalog/renderBlockPrims.tsx,4,6,style object key(2); Tailwind/CSS arbitrary [...](3); inline style={{ }}(1)
tsx,features/planner/components/WorkspaceThemeProvider.tsx,6,6,Tailwind/CSS arbitrary [...](6)
tsx,features/planner/editor/LayerManagerPanel.tsx,5,6,Tailwind/CSS arbitrary [...](3); text-* size(1); p*/m* spacing (px/py/etc)(1); gap/space-*(1)
tsx,tests/integration/planner-hooks-usePlannerSession.test.tsx,5,6,Tailwind/CSS arbitrary [...](6)
tsx,tests/integration/planner-shared-plannerShared.test.tsx,6,6,Tailwind/CSS arbitrary [...](2); hex color(4)
tsx,app/(site)/solutions/[category]/page.tsx,4,5,Tailwind/CSS arbitrary [...](1); p*/m* spacing (px/py/etc)(3); gap/space-*(1)
tsx,app/admin/layout.tsx,1,5,Tailwind/CSS arbitrary [...](1); p*/m* spacing (px/py/etc)(2); text-* size(1); font-weight(1)
tsx,app/crm/layout.tsx,1,5,z-index(1); p*/m* spacing (px/py/etc)(2); text-* size(1); font-weight(1)
tsx,app/ops/layout.tsx,1,5,z-index(1); p*/m* spacing (px/py/etc)(2); text-* size(1); font-weight(1)
tsx,app/planner/layout.tsx,1,5,Tailwind/CSS arbitrary [...](1); p*/m* spacing (px/py/etc)(2); text-* size(1); font-weight(1)
tsx,components/home/BrandStatement.tsx,3,5,p*/m* spacing (px/py/etc)(3); w-/h-*(2)
tsx,features/planner/ui/PlannerSaveIndicator.tsx,3,5,w-/h-*(2); animate-*(1); gap/space-*(2)
tsx,features/shared/auth/components/ResendVerificationButton.tsx,4,5,Tailwind/CSS arbitrary [...](2); text-* size(1); Tailwind palette(1); animate-*(1)
tsx,tests/integration/planner-editor-ExportModal.test.tsx,1,5,Tailwind/CSS arbitrary [...](1); style object key(4)
tsx,tests/integration/planner-editor-LayerManagerPanel.test.tsx,3,5,style object key(4); Tailwind/CSS arbitrary [...](1)
tsx,components/home/CategoryImage.tsx,2,4,Tailwind/CSS arbitrary [...](1); p*/m* spacing (px/py/etc)(1); transition(1); Tailwind duration/delay(1)
tsx,components/home/WhyChooseUs.tsx,2,4,p*/m* spacing (px/py/etc)(1); w-/h-*(1); gap/space-*(2)
tsx,components/ui/Masonry.tsx,4,4,rem/em(1); inline style={{ }}(2); p*/m* spacing (px/py/etc)(1)
tsx,features/planner/canvas-fabric/components/PreviewFurniture.tsx,3,4,style object key(2); Tailwind/CSS arbitrary [...](2)
tsx,features/planner/canvas-fabric/FabricCanvasContextMenu.tsx,2,4,Tailwind/CSS arbitrary [...](1); inline style={{ }}(1); style object key(2)
tsx,features/planner/canvas-fabric/FabricCanvasSubToolbar.tsx,4,4,Tailwind/CSS arbitrary [...](4)
tsx,features/planner/canvas-fabric/FabricCanvasWorkspace.tsx,2,4,Tailwind/CSS arbitrary [...](1); inline style={{ }}(1); style object key(1); %(1)
tsx,features/planner/canvas-fabric/FabricDrawToolsBar.tsx,3,4,hex color(1); Tailwind/CSS arbitrary [...](1); inline style={{ }}(1); style object key(1)
tsx,features/planner/canvas-fabric/FloorplanCanvas.tsx,4,4,Tailwind/CSS arbitrary [...](4)
tsx,features/planner/landing/PlannerBreadcrumbs.tsx,4,4,p*/m* spacing (px/py/etc)(1); gap/space-*(2); transition(1)
tsx,features/planner/onboarding/ProjectSetupGate.tsx,4,4,Tailwind/CSS arbitrary [...](4)
tsx,features/planner/shared/components/SplitViewLayout.tsx,4,4,w-/h-*(4)
tsx,tests/integration/planner-editor-LayerVisibilityPanel.test.tsx,2,4,style object key(4)
tsx,app/planner/(marketing)/features/[slug]/page.tsx,3,3,Tailwind/CSS arbitrary [...](3)
tsx,components/home/HomeClosingCta.tsx,1,3,p*/m* spacing (px/py/etc)(3)
tsx,components/SafeImage.tsx,3,3,Tailwind/CSS arbitrary [...](1); Npx(1); vh/vw(1)
tsx,components/shared/SectionIntro.tsx,3,3,w-/h-*(1); p*/m* spacing (px/py/etc)(2)
tsx,components/ui/Label.tsx,1,3,text-* size(1); font-weight(1); tracking/leading(1)
tsx,features/planner/catalog/CatalogDropFlash.tsx,1,3,inline style={{ }}(1); style object key(2)
tsx,features/planner/editor/PlannerWorkflowPanel.tsx,3,3,Tailwind/CSS arbitrary [...](3)
tsx,tests/integration/planner-3d-Viewer.test.tsx,2,3,Tailwind/CSS arbitrary [...](3)
tsx,tests/integration/planner-canvas-fabric-RoomPresetsModal.test.tsx,3,3,Tailwind/CSS arbitrary [...](3)
tsx,tests/integration/planner-editor-PropertiesInspector.test.tsx,1,3,Tailwind/CSS arbitrary [...](1); style object key(2)
tsx,app/(site)/brochure/page.tsx,1,2,text-* size(1); font-weight(1)
tsx,app/(site)/catalog/page.tsx,1,2,text-* size(1); font-weight(1)
tsx,app/(site)/download-brochure/page.tsx,1,2,text-* size(1); font-weight(1)
tsx,app/(site)/error.tsx,2,2,Tailwind/CSS arbitrary [...](2)
tsx,app/(site)/products/[category]/FilterGrid.tsx,1,2,w-/h-*(1); text-* size(1)
tsx,app/(site)/products/error.tsx,2,2,Tailwind/CSS arbitrary [...](2)
tsx,app/(site)/twitter-image.tsx,1,2,style object key(2)
tsx,components/home/KpiCounter.tsx,2,2,Tailwind/CSS arbitrary [...](2)
tsx,components/home/TrustStrip.tsx,2,2,gap/space-*(1); p*/m* spacing (px/py/etc)(1)
tsx,features/planner/components/PlannerBodyTheme.tsx,2,2,Tailwind/CSS arbitrary [...](2)
tsx,features/shared/entry/OpenAssistantButton.tsx,1,2,w-/h-*(2)
tsx,tests/integration/planner-editor-PlannerWorkspace.test.tsx,2,2,Tailwind/CSS arbitrary [...](2)
tsx,tests/integration/planner-editor-TemplatePickerModal.test.tsx,2,2,Tailwind/CSS arbitrary [...](2)
tsx,tests/integration/planner-hooks-usePlannerUiState.test.tsx,1,2,Tailwind/CSS arbitrary [...](2)
tsx,tests/integration/shared-dashboard-DashboardClient.test.tsx,2,2,Tailwind/CSS arbitrary [...](2)
tsx,tests/integration/shared-entry-ProductEntryPage.test.tsx,2,2,Tailwind/CSS arbitrary [...](2)
tsx,app/(site)/contact/page.tsx,1,1,Tailwind/CSS arbitrary [...](1)
tsx,app/(site)/page.tsx,1,1,Tailwind/CSS arbitrary [...](1)
tsx,app/(site)/products/[category]/page.tsx,1,1,Tailwind/CSS arbitrary [...](1)
tsx,app/(site)/products/category/[slug]/page.tsx,1,1,Tailwind/CSS arbitrary [...](1)
tsx,app/(site)/providers/LenisProvider.tsx,1,1,JS anim duration(1)
tsx,app/(site)/providers/QueryProvider.tsx,1,1,Tailwind/CSS arbitrary [...](1)
tsx,app/planner/(marketing)/help/page.tsx,1,1,Tailwind/CSS arbitrary [...](1)
tsx,app/planner/(workspace)/canvas/page.tsx,1,1,Tailwind/CSS arbitrary [...](1)
tsx,components/analytics/KpiIntegrityMonitor.tsx,1,1,Tailwind/CSS arbitrary [...](1)
tsx,components/ClientBadge.tsx,1,1,gap/space-*(1)
tsx,components/home/CollectionsSectionHeading.tsx,1,1,w-/h-*(1)
tsx,components/pwa/ServiceWorkerRegister.tsx,1,1,Tailwind/CSS arbitrary [...](1)
tsx,features/planner/components/PlannerMarketingChrome.tsx,1,1,Tailwind/CSS arbitrary [...](1)
tsx,features/planner/editor/PlannerCanvasStage.tsx,1,1,w-/h-*(1)
tsx,features/planner/editor/PlannerHistoryControls.tsx,1,1,gap/space-*(1)
tsx,features/planner/editor/PlannerStatusBar.tsx,1,1,Tailwind/CSS arbitrary [...](1)
tsx,features/planner/editor/PlannerSubTopBar.tsx,1,1,Tailwind/CSS arbitrary [...](1)
tsx,features/planner/editor/PlannerToolRail.tsx,1,1,rem/em(1)
tsx,features/planner/ui/PlannerCanvasEnhancements.tsx,1,1,Tailwind/CSS arbitrary [...](1)
tsx,features/planner/ui/PlannerEmptyCanvas.tsx,1,1,p*/m* spacing (px/py/etc)(1)
tsx,features/shared/auth/lib/AuthProvider.tsx,1,1,Tailwind/CSS arbitrary [...](1)
tsx,tests/integration/planner-canvas-fabric-FloorplanCanvas.test.tsx,1,1,Tailwind/CSS arbitrary [...](1)
tsx,tests/integration/planner-editor-PlannerErrorBoundary.test.tsx,1,1,Tailwind/CSS arbitrary [...](1)
tsx,tests/integration/plannerAutosaveIdentity.test.tsx,1,1,Tailwind/CSS arbitrary [...](1)
tsx,tests/unit/planner-ui-catalogPanel.test.tsx,1,1,Tailwind/CSS arbitrary [...](1)
